"結帳時間","類型","單號/交易序號","","發票號碼","銷售金額","實收金額","服務費","折扣","稅額","支付方式","員工",""
"2022/08/01 17:26","內用","2
2022080117250002","","","100","100","0","0","0","=""現金""","-(000000)/90466979",""
"2022/08/01 20:28","內用","6
2022080120280006","","","125","125","0","0","0","=""現金""","-(000000)/90466979",""
"2022/08/01 22:18","內用","11
2022080121040011","","","1,826","1,826","166","0","0","=""信用卡""","-(000000)/90466979",""
"2022/08/01 22:24","內用","3
2022080117330003","","","1,936","1,856","176","80","0","=""信用卡""","-(000000)/90466979",""
"2022/08/01 22:32","內用","7
2022080120300007","","","1,958","1,958","178","0","0","=""信用卡""","-(000000)/90466979",""
"2022/08/01 22:41","內用","14
2022080121230014","","","704","704","64","0","0","=""信用卡""","-(000000)/90466979",""
"2022/08/01 23:11","內用","10
2022080120530010","","","3,124","3,124","284","0","0","=""現金""","-(000000)/90466979",""
"2022/08/01 23:20","內用","19
2022080123190019","","","125","125","0","0","0","=""現金""","-(000000)/90466979",""
"2022/08/01 23:23","內用","4
2022080117330004","","","2,838","2,838","258","0","0","=""現金""","-(000000)/90466979",""
"2022/08/01 23:31","內用","15
2022080121290015","","","2,189","2,189","199","0","0","=""信用卡""","-(000000)/90466979",""
"2022/08/01 23:42","內用","17
2022080121530017","","","1,738","1,738","158","0","0","=""現金""","-(000000)/90466979",""
"2022/08/02 00:01","內用","5-1
2022080123590020","","","4,356","4,356","396","0","0","=""信用卡""","-(000000)/90466979",""
"2022/08/02 00:04","內用","16
2022080121340016","","","2,860","2,860","260","0","0","=""信用卡""","-(000000)/90466979",""
"2022/08/02 00:11","內用","18
2022080122210018","","","0","0","0","0","0","=""現金""","-(000000)/90466979",""
"2022/08/02 00:19","內用","13
2022080121140013","","","640","448","0","192","0","=""LINE Pay""","-(000000)/90466979",""
"2022/08/02 00:23","內用","5
2022080117460005","","","1,353","1,353","123","0","0","=""現金""","-(000000)/90466979",""
"2022/08/02 00:32","內用","8
2022080120480008","","","4,840","4,840","440","0","0","=""信用卡""","-(000000)/90466979",""
"2022/08/02 01:26","內用","20
2022080201140021","","","803","803","73","0","0","=""信用卡""","-(000000)/90466979",""
"2022/08/02 01:28","內用","1
2022080103170001","","","0","0","0","0","0","=""現金""","-(000000)/90466979",""
"2022/08/02 02:02","內用","1
2022080202000001","","","640","640","0","0","0","=""信用卡""","-(000000)/90466979",""
"2022/08/02 17:22","內用","2
2022080217220002","","","100","100","0","0","0","=""現金""","-(000000)/90466979",""
"2022/08/02 21:41","內用","3
2022080217400003","","","1,815","1,320","165","495","0","=""信用卡""","店長Ian(0002)/ian",""
"2022/08/02 22:01","內用","10
2022080221340010","","","462","462","42","0","0","=""現金""","店長Ian(0002)/ian",""
"2022/08/02 22:28","內用","9
2022080221290009","","","847","847","77","0","0","=""現金""","店長Ian(0002)/ian",""
"2022/08/02 23:00","內用","7
2022080219560007","","","1,320","1,320","120","0","0","=""信用卡""","店長Ian(0002)/ian",""
"2022/08/02 23:21","內用","8
2022080221250008","","","3,267","3,267","297","0","0","=""信用卡""","店長Ian(0002)/ian",""
"2022/08/03 00:04","內用","4
2022080217400004
作廢2022/08/03 00:06","","","5,544","5,544","504","0","0","=""信用卡""","店長Ian(0002)/ian",""
"2022/08/03 00:07","內用","14
2022080300060014","","","5,544","5,544","504","0","0","=""信用卡""","店長Ian(0002)/ian",""
"2022/08/03 00:39","內用","6
2022080218570006","","","1,056","1,056","96","0","0","=""信用卡""","店長Ian(0002)/ian",""
"2022/08/03 01:00","內用","11
2022080221420011","","","2,970","2,970","270","0","0","=""信用卡""","店長Ian(0002)/ian",""
"2022/08/03 01:25","內用","13
2022080223530013","","","1,155","1,155","105","0","0","=""信用卡""","店長Ian(0002)/ian",""
"2022/08/03 01:29","內用","5
2022080217470005","","","0","0","0","0","0","=""現金""","店長Ian(0002)/ian",""
"2022/08/03 17:28","內用","1
2022080317280001","","","100","100","0","0","0","=""現金""","店長Ian(0002)/ian",""
"2022/08/03 17:28","內用","2
2022080317280002","","","100","100","0","0","0","=""現金""","店長Ian(0002)/ian",""
"2022/08/03 20:05","內用","10
2022080319120010","","","385","385","35","0","0","=""信用卡""","店長Ian(0002)/ian",""
"2022/08/03 20:31","內用","11
2022080319350011","","","528","528","48","0","0","=""信用卡""","店長Ian(0002)/ian",""
"2022/08/03 22:05","內用","4
2022080317350004","","","3,322","3,322","302","0","0","=""信用卡""","-(000000)/90466979",""
"2022/08/03 22:14","內用","9
2022080318420009","","","836","608","76","228","0","=""信用卡""","-(000000)/90466979",""
"2022/08/03 22:21","內用","3
2022080317350003","","","5,291","5,071","461","220","0","=""現金""","-(000000)/90466979",""
"2022/08/03 22:28","內用","5
2022080317350005","","","3,201","3,201","291","0","0","=""現金""","-(000000)/90466979",""
"2022/08/03 22:35","內用","14
2022080321170014","","","264","264","24","0","0","=""信用卡""","-(000000)/90466979",""
"2022/08/03 23:23","內用","15
2022080322040015","","","880","880","80","0","0","=""信用卡""","-(000000)/90466979",""
"2022/08/04 00:16","內用","16-1
2022080400140019
作廢2022/08/04 00:17","","","1,287","1,037","117","250","0","=""信用卡""","-(000000)/90466979",""
"2022/08/04 00:17","內用","19
2022080400170020","","","1,287","1,037","117","250","0","=""現金""","-(000000)/90466979",""
"2022/08/04 00:24","內用","17
2022080323000017","","","0","0","0","0","0","=""現金""","-(000000)/90466979",""
"2022/08/04 01:09","內用","16-1
2022080401080022","","","924","924","84","0","0","=""信用卡""","-(000000)/90466979",""
"2022/08/04 01:11","內用","18
2022080323510018","","","1,177","1,177","107","0","0","=""信用卡""","-(000000)/90466979",""
"2022/08/04 01:18","內用","20
2022080400250021","","","0","0","0","0","0","=""現金""","-(000000)/90466979",""
"2022/08/04 01:26","內用","7
2022080317360007","","","5,643","5,643","513","0","0","=""信用卡""","-(000000)/90466979",""
"2022/08/04 01:32","內用","13
2022080321130013","","","1,639","1,639","149","0","0","=""現金""","-(000000)/90466979",""
"2022/08/0401:33","內用","8
2022080318370008
","","","0","0","0","0","0","=""現金""","-(000000)90466979",""
"2022/08/0417:25","內用","1
2022080417240001
","","","100","100","0","0","0","=""現金""","-(000000)90466979",""
"2022/08/0417:57","內用","17
2022080417560017
","","","100","100","0","0","0","=""現金""","-(000000)90466979",""
"2022/08/0419:27","內用","4
2022080417490004
","","","2,519","2,519","229","0","0","=""信用卡""","-(000000)90466979",""
"2022/08/0419:55","內用","8
2022080417550008
","","","3,916","3,916","356","0","0","=""現金""","-(000000)90466979",""
"2022/08/0420:20","內用","3
2022080417490003
","","","1,760","1,760","160","0","0","=""現金""","-(000000)90466979",""
"2022/08/0420:42","內用","16
2022080417560016
","","DK09469933","10,373","10,373","943","0","494","=""信用卡""","-(000000)90466979",""
"2022/08/0421:00","內用","5
2022080417490005
","","","1,705","1,705","155","0","0","=""信用卡""","-(000000)90466979",""
"2022/08/0421:03","內用","14
2022080417550014
","","","3,762","3,762","342","0","0","=""現金""","-(000000)90466979",""
"2022/08/0421:21","內用","2
2022080417490002
","","","3,619","3,619","329","0","0","=""funNow、信用卡""","-(000000)90466979",""
"2022/08/0421:26","內用","13
2022080417550013
","","","682","682","62","0","0","=""現金""","-(000000)90466979",""
"2022/08/0421:30","內用","12
2022080417550012
","","","2,343","2,343","213","0","0","=""信用卡""","-(000000)90466979",""
"2022/08/0421:34","內用","7
2022080417490007
","","","2,101","1,981","191","120","0","=""funNow、信用卡""","-(000000)90466979",""
"2022/08/0421:42","內用","9
2022080417550009
","","","2,728","2,728","248","0","0","=""現金""","-(000000)90466979",""
"2022/08/0422:07","內用","6
2022080417490006
","","","1,628","1,628","148","0","0","=""現金""","-(000000)90466979",""
"2022/08/0422:29","內用","26
2022080422290026
","","","780","780","0","0","0","=""現金""","-(000000)90466979",""
"2022/08/0422:31","內用","27
2022080422310027
","","","420","420","0","0","0","=""現金""","-(000000)90466979",""
"2022/08/0422:44","內用","20
2022080420340020
","","","2,530","2,530","230","0","0","=""現金""","-(000000)90466979",""
"2022/08/0423:00","內用","22
2022080421220022
","","","1,188","1,188","108","0","0","=""現金""","-(000000)90466979",""
"2022/08/0423:01","內用","23
2022080421390023
","","","1,144","1,144","104","0","0","=""信用卡""","-(000000)90466979",""
"2022/08/0423:11","內用","29
2022080422380029
","","","0","0","0","0","0","=""現金""","-(000000)90466979",""
"2022/08/0423:23","內用","10
2022080417550010
","","","5,115","4,995","465","120","0","=""funNow、信用卡""","-(000000)90466979",""
"2022/08/0423:46","內用","28
2022080422370028
","","","682","682","62","0","0","=""現金""","-(000000)90466979",""
"2022/08/0423:47","內用","32
2022080423120032
","","","1,320","1,320","120","0","0","=""現金""","-(000000)90466979",""
"2022/08/0500:05","內用","33
2022080500050033
","","","125","125","0","0","0","=""現金""","-(000000)90466979",""
"2022/08/0500:20","內用","31
2022080422490031
","","","1,078","1,078","98","0","0","=""信用卡""","-(000000)90466979",""
"2022/08/0500:30","內用","21
2022080421090021
","","","1,628","1,628","148","0","0","=""信用卡""","-(000000)90466979",""
"2022/08/0500:32","內用","24
2022080421470024
","","","1,749","1,749","159","0","0","=""信用卡""","-(000000)90466979",""
"2022/08/0500:43","內用","19
2022080420070019
","","","4,939","4,939","449","0","0","=""信用卡""","-(000000)90466979",""
"2022/08/0500:56","內用","11
2022080417550011
","","","671","671","61","0","0","=""信用卡""","-(000000)90466979",""
"2022/08/0500:57","內用","34
2022080500230034
","","","0","0","0","0","0","=""現金""","-(000000)90466979",""
"2022/08/0501:30","內用","36
2022080500580036
","","","770","770","70","0","0","=""信用卡""","-(000000)90466979",""
"2022/08/0501:32","內用","38
2022080501160038
","","","418","304","38","114","0","=""信用卡""","-(000000)90466979",""
"2022/08/0501:36","內用","30
2022080422410030
","","","1,969","1,969","179","0","0","=""信用卡""","-(000000)90466979",""
"2022/08/0501:38","內用","35
2022080500530035
","","","0","0","0","0","0","=""現金""","-(000000)90466979",""
"2022/08/0501:42","內用","25
2022080422000025
","","","836","608","76","228","0","=""現金""","-(000000)90466979",""
"2022/08/0501:43","內用","37
2022080501030037
","","","583","583","53","0","0","=""信用卡""","-(000000)90466979",""
"2022/08/0501:43","內用","15
2022080417560015
","","","3,542","3,542","322","0","0","=""現金""","-(000000)90466979",""
"2022/08/0501:44","內用","18
2022080418280018
","","","0","0","0","0","0","=""現金""","-(000000)90466979",""
"2022/08/0517:44","內用","1
2022080517440001
","","","100","100","0","0","0","=""現金""","-(000000)90466979",""
"2022/08/0520:58","內用","4
2022080517470004
","","","2,640","2,640","240","0","0","=""信用卡""","-(000000)90466979",""
"2022/08/0520:59","內用","14
2022080518410014
","","","3,190","3,190","290","0","0","=""信用卡""","-(000000)90466979",""
"2022/08/0521:24","內用","2
2022080517460002
","","","1,848","1,848","168","0","0","=""街口支付""","-(000000)90466979",""
"2022/08/0521:59","內用","10
2022080517490010
","","","3,872","3,872","352","0","0","=""信用卡""","-(000000)90466979",""
"2022/08/0522:09","內用","6
2022080517470006
","","","2,684","2,684","244","0","0","=""信用卡""","-(000000)90466979",""
"2022/08/0522:16","內用","17
2022080521050017
","","","1,694","1,694","154","0","0","=""信用卡""","-(000000)90466979",""
"2022/08/0522:25","內用","5
2022080517470005
","","","8,261","8,261","751","0","0","=""信用卡""","-(000000)90466979",""
"2022/08/0522:27","內用","18
2022080521310018
","","","1,793","1,793","163","0","0","=""信用卡""","-(000000)90466979",""
"2022/08/0522:42","內用","12
2022080518000012
","","","1,738","1,738","158","0","0","=""信用卡""","-(000000)90466979",""
"2022/08/0522:45","內用","20
2022080521560020
","","","462","462","42","0","0","=""信用卡""","-(000000)90466979",""
"2022/08/0523:08","內用","26
2022080522390026
","","","1,287","1,287","117","0","0","=""信用卡""","-(000000)90466979",""
"2022/08/0523:42","內用","9
2022080517470009
","","","1,628","1,628","148","0","0","=""信用卡""","-(000000)90466979",""
"2022/08/0523:47","內用","3
2022080517470003
","","","4,576","4,576","416","0","0","=""信用卡""","-(000000)90466979",""
"2022/08/0523:49","內用","24
2022080522190024
","","","1,452","1,452","132","0","0","=""現金""","-(000000)90466979",""
"2022/08/0523:50","內用","7
2022080517470007
","","","4,509","4,059","369","450","0","=""信用卡""","-(000000)90466979",""
"2022/08/0523:54","內用","19
2022080521320019
","","","2,530","2,530","230","0","0","=""信用卡""","-(000000)90466979",""
"2022/08/0600:17","內用","16
2022080520410016
","","","2,794","2,794","254","0","0","=""信用卡""","-(000000)90466979",""
"2022/08/0600:19","內用","8
2022080517470008
","","","4,048","4,048","368","0","0","=""現金""","-(000000)90466979",""
"2022/08/0600:25","內用","11
2022080517490011
","","","4,961","4,961","451","0","0","=""信用卡""","-(000000)90466979",""
"2022/08/0600:30","內用","25
2022080522380025
","","","1,056","1,056","96","0","0","=""信用卡""","-(000000)90466979",""
"2022/08/0600:40","內用","28
2022080523350028
","","","1,221","1,221","111","0","0","=""信用卡""","-(000000)90466979",""
"2022/08/0600:41","內用","23
2022080522190023
","","","3,201","3,201","291","0","0","=""LINE Pay""","-(000000)90466979",""
"2022/08/0600:56","內用","27
2022080523320027
","","","1,903","1,903","173","0","0","=""信用卡""","-(000000)90466979",""
"2022/08/0601:08","內用","32
2022080601070032
","","","125","125","0","0","0","=""現金""","-(000000)90466979",""
"2022/08/0601:28","內用","21
2022080522100021
","","","7,711","7,711","701","0","0","=""信用卡""","-(000000)90466979",""
"2022/08/0601:56","內用","30
2022080600030030
","","","1,848","1,848","168","0","0","=""信用卡""","-(000000)90466979",""
"2022/08/0602:00","內用","22
2022080522100022
","","","2,101","2,101","191","0","0","=""現金""","-(000000)90466979",""
"2022/08/0602:17","內用","34
2022080602020034
","","","450","450","0","0","0","=""信用卡""","-(000000)90466979",""
"2022/08/0602:30","內用","31
2022080601050031
","","","1,804","1,804","164","0","0","=""信用卡""","-(000000)90466979",""
"2022/08/0602:31","內用","29
2022080523560029
","","","6,545","6,545","595","0","0","=""信用卡""","-(000000)90466979",""
"2022/08/0602:34","內用","33
2022080601520033
","","","385","385","35","0","0","=""現金""","-(000000)90466979",""
"2022/08/0602:35","內用","13
2022080518210013
","","","0","0","0","0","0","=""現金""","-(000000)90466979",""
"2022/08/0619:52","內用","10
2022080617510010
","","","1,870","1,870","170","0","0","=""信用卡""","-(000000)90466979",""
"2022/08/0620:08","內用","9
2022080617510009
","","","2,310","2,190","210","120","0","=""funNow、信用卡""","-(000000)90466979",""
"2022/08/0620:58","內用","7
2022080617510007
","","","3,003","3,003","273","0","0","=""現金""","-(000000)90466979",""
"2022/08/0622:01","內用","2
2022080617500002
","","DK09469934","2,376","2,376","216","0","113","=""信用卡""","-(000000)90466979",""
"2022/08/0622:10","內用","8
2022080617510008
","","","2,189","2,189","199","0","0","=""信用卡""","-(000000)90466979",""
"2022/08/0622:11","內用","11
2022080617520011
","","","7,557","7,557","687","0","0","=""信用卡""","-(000000)90466979",""
"2022/08/0623:00","內用","15
2022080620230015
","","","3,520","3,520","320","0","0","=""信用卡""","-(000000)90466979",""
"2022/08/0623:05","內用","19
2022080623050019
","","","100","100","0","0","0","=""現金""","-(000000)90466979",""
"2022/08/0623:24","內用","17
2022080621160017
","","","1,331","1,331","121","0","0","=""信用卡""","-(000000)90466979",""
"2022/08/0700:36","內用","20
2022080623510020
","","","924","924","84","0","0","=""現金""","-(000000)90466979",""
"2022/08/0700:42","內用","21
2022080700040021
","","","1,265","1,265","115","0","0","=""信用卡""","-(000000)90466979",""
"2022/08/0700:45","內用","12
2022080617520012
","","","18,359","18,359","1,669","0","0","=""現金""","-(000000)90466979",""
"2022/08/0700:48","內用","5
2022080617500005
","","","6,182","6,182","562","0","0","=""信用卡""","-(000000)90466979",""
"2022/08/0701:14","內用","6
2022080617510006
","","","5,291","5,291","481","0","0","=""信用卡""","-(000000)90466979",""
"2022/08/0701:18","內用","25
2022080701180025
","","","2,000","500","0","1,500","0","=""現金""","-(000000)90466979",""
"2022/08/0701:20","內用","3
2022080617500003
","","","2,574","2,574","234","0","0","=""信用卡""","-(000000)90466979",""
"2022/08/0701:24","內用","22
2022080700540022
","","","352","256","32","96","0","=""現金""","-(000000)90466979",""
"2022/08/0701:38","內用","14
2022080619560014
","","","5,423","5,423","493","0","0","=""信用卡""","-(000000)90466979",""
"2022/08/0701:46","內用","18
2022080622530018
","","","6,402","6,402","582","0","0","=""信用卡""","-(000000)90466979",""
"2022/08/0701:48","內用","23
2022080700580023
","","","352","352","32","0","0","=""現金""","-(000000)90466979",""
"2022/08/0702:22","內用","16
2022080620230016
","","","1,694","1,694","154","0","0","=""信用卡""","-(000000)90466979",""
"2022/08/0702:26","內用","1
2022080617320001
","","","0","0","0","0","0","=""現金""","-(000000)90466979",""
"2022/08/0719:42","內用","2
2022080718100002
 作廢2022/08/08 01:41","","","2,134","2,134","194","0","0","=""信用卡""","-(000000)90466979",""
"2022/08/0721:34","內用","9
2022080721330009
","","","100","100","0","0","0","=""現金""","-(000000)90466979",""
"2022/08/0722:06","內用","8
2022080721310008
","","","286","200","26","86","0","=""現金""","-(000000)90466979",""
"2022/08/0722:49","內用","11
2022080722270011
","","","275","275","25","0","0","=""現金""","-(000000)90466979",""
"2022/08/0723:04","內用","12
2022080722290012
","","","1,507","1,507","137","0","0","=""信用卡""","-(000000)90466979",""
"2022/08/0723:07","內用","3
2022080718230003
","","","5,907","5,907","537","0","0","=""信用卡""","-(000000)90466979",""
"2022/08/0723:27","內用","5
2022080719380005
","","","4,873","4,873","443","0","0","=""現金""","-(000000)90466979",""
"2022/08/0723:34","內用","6
2022080719440006
","","","1,727","1,727","157","0","0","=""現金""","-(000000)90466979",""
"2022/08/0723:38","內用","13
2022080722350013
","","","495","495","45","0","0","=""信用卡""","-(000000)90466979",""
"2022/08/0723:38","內用","13-1
2022080723380014
","","","682","682","62","0","0","=""信用卡""","-(000000)90466979",""
"2022/08/0800:22","內用","7
2022080720510007
","","","15,829","10,387","1,439","5,442","0","=""信用卡""","-(000000)90466979",""
"2022/08/0801:21","內用","10
2022080722120010
","","","2,629","2,629","239","0","0","=""現金""","-(000000)90466979",""
"2022/08/0801:23","內用","4
2022080718370004
","","","2,970","2,970","270","0","0","=""信用卡""","-(000000)90466979",""
"2022/08/0801:25","內用","14
2022080800180015
","","","572","328","52","244","0","=""現金""","-(000000)90466979",""
"2022/08/0801:27","內用","15
2022080801060016
","","","275","193","25","82","0","=""信用卡""","-(000000)90466979",""
"2022/08/0801:28","內用","1
2022080717550001
","","","0","0","0","0","0","=""現金""","-(000000)90466979",""
"2022/08/0801:41","內用","16
2022080801410017
 作廢2022/08/08 01:47","","","2,134","2,134","194","0","0","=""信用卡""","-(000000)90466979",""
"2022/08/0801:47","內用","17
2022080801470018
 作廢2022/08/08 01:48","","","2,134","2,134","194","0","0","=""信用卡""","-(000000)90466979",""
"2022/08/0801:48","內用","18
2022080801480019
","","","2,134","2,134","194","0","0","=""現金""","-(000000)90466979",""
"2022/08/0820:11","內用","1
2022080817310001
","","","2,101","2,101","191","0","0","=""信用卡""","-(000000)90466979",""
"2022/08/0823:11","內用","4
2022080821180004
","","","6,743","6,743","613","0","0","=""信用卡""","-(000000)90466979",""
"2022/08/0900:07","內用","3
2022080820380003
","","","902","631","82","271","0","=""現金""","-(000000)90466979",""
"2022/08/0900:40","內用","6
2022080822250006
","","","640","640","0","0","0","=""信用卡""","-(000000)90466979",""
"2022/08/0900:51","內用","5
2022080821560005
","","","4,664","4,664","424","0","0","=""信用卡""","-(000000)90466979",""
"2022/08/0901:37","內用","8
2022080901300008
","","","495","495","45","0","0","=""現金""","-(000000)90466979",""
"2022/08/0901:39","內用","7
2022080900590007
","","","440","440","40","0","0","=""信用卡""","-(000000)90466979",""
"2022/08/0901:43","內用","10
2022080901380010
","","","462","462","42","0","0","=""現金""","-(000000)90466979",""
"2022/08/0901:45","內用","9
2022080901300009
","","","1,320","1,320","120","0","0","=""信用卡""","-(000000)90466979",""
"2022/08/0901:46","內用","2
2022080817330002
","","","0","0","0","0","0","=""現金""","-(000000)90466979",""
"2022/08/0921:48","內用","7
2022080921240007
","","","924","924","84","0","0","=""現金""","-(000000)90466979",""
"2022/08/0922:15","內用","1
2022080917380001
","","","2,816","2,816","256","0","0","=""信用卡""","-(000000)90466979",""
"2022/08/0922:49","內用","4
2022080920310004
","","","4,477","4,477","407","0","0","=""信用卡""","-(000000)90466979",""
"2022/08/0923:30","內用","5
2022080920590005
","","","3,432","3,432","312","0","0","=""信用卡""","-(000000)90466979",""
"2022/08/0923:48","內用","2-1
2022080923470009
","","","12,815","12,815","1,165","0","0","=""信用卡""","-(000000)90466979",""
"2022/08/1000:00","內用","8
2022080921360008
","","","880","640","80","240","0","=""信用卡""","-(000000)90466979",""
"2022/08/1000:08","內用","9
2022081000070010
","","","660","660","60","0","0","=""現金""","-(000000)90466979",""
"2022/08/1000:15","內用","10
2022081000150011
","","","242","242","22","0","0","=""現金""","-(000000)90466979",""
"2022/08/1000:40","內用","12
2022081000390013
","","","495","495","45","0","0","=""現金""","-(000000)90466979",""
"2022/08/1000:42","內用","13
2022081000400014
","","","275","275","25","0","0","=""現金""","-(000000)90466979",""
"2022/08/1001:32","內用","11
2022081000200012
","","","2,211","2,211","201","0","0","=""信用卡""","-(000000)90466979",""
"2022/08/1001:43","內用","6
2022080921220006
","","","2,332","2,332","212","0","0","=""信用卡""","-(000000)90466979",""
"2022/08/1001:46","內用","6-1
2022081001410017
","","","1,078","1,078","98","0","0","=""信用卡""","-(000000)90466979",""
"2022/08/1001:47","內用","3
2022080919440003
","","","0","0","0","0","0","=""現金""","-(000000)90466979",""
"2022/08/1001:52","內用","16
2022081001490018
","","","0","0","0","0","0","=""現金""","-(000000)90466979",""
"2022/08/1020:21","內用","5
2022081019240005
 作廢2022/08/10 20:22","","","418","418","38","0","0","=""現金""","-(000000)90466979",""
"2022/08/1020:23","內用","6
2022081020230006
","","DK09469935","418","418","38","0","20","=""現金""","-(000000)90466979",""
"2022/08/1020:44","內用","7
2022081020290007
","","","352","352","32","0","0","=""信用卡""","-(000000)90466979",""
"2022/08/1021:00","內用","2
2022081017440002
","","","9,317","9,317","847","0","0","=""信用卡""","-(000000)90466979",""
"2022/08/1021:12","內用","4
2022081019000004
","","","2,288","2,168","208","120","0","=""funNow、信用卡""","-(000000)90466979",""
"2022/08/1022:05","內用","11
2022081022040011
","","DK09469936","440","440","40","0","21","=""信用卡""","-(000000)90466979",""
"2022/08/1023:01","內用","13
2022081023000013
","","","100","100","0","0","0","=""現金""","-(000000)90466979",""
"2022/08/1023:20","內用","12
2022081022440012
","","","946","946","86","0","0","=""現金""","-(000000)90466979",""
"2022/08/1100:30","內用","10
2022081022040010
","","","1,254","878","114","376","0","=""現金""","-(000000)90466979",""
"2022/08/1101:21","內用","14
2022081100080014
","","","2,002","2,002","182","0","0","=""信用卡""","-(000000)90466979",""
"2022/08/1101:24","內用","15
2022081100350015
","","","286","286","26","0","0","=""現金""","-(000000)90466979",""
"2022/08/1101:28","內用","3
2022081018030003
","","","0","0","0","0","0","=""現金""","-(000000)90466979",""
"2022/08/1102:06","內用","1
2022081102000001
","","","836","836","76","0","0","=""現金""","-(000000)90466979",""
"2022/08/1117:49","內用","6
2022081117480006
","","","100","100","0","0","0","=""現金""","-(000000)90466979",""
"2022/08/1118:01","內用","15
2022081001360016
","","","350","350","0","0","0","=""信用卡""","-(000000)90466979",""
"2022/08/1120:45","內用","8
2022081120430008
","","","125","125","0","0","0","=""現金""","-(000000)90466979",""
"2022/08/1121:29","內用","2
2022081117440002
","","","5,049","5,049","459","0","0","=""信用卡""","-(000000)90466979",""
"2022/08/1121:59","內用","3-1
2022081121590010
","","","418","418","38","0","0","=""信用卡""","-(000000)90466979",""
"2022/08/1122:32","內用","3-2
2022081122310011
","","","1,298","1,298","118","0","0","=""信用卡""","-(000000)90466979",""
"2022/08/1123:52","內用","9
2022081121500009
","","","2,233","1,983","203","250","0","=""信用卡""","-(000000)90466979",""
"2022/08/1123:57","內用","4
2022081117440004
","","","3,476","3,476","316","0","0","=""信用卡""","-(000000)90466979",""
"2022/08/1200:29","內用","3
2022081117440003
","","","3,509","3,509","319","0","0","=""信用卡""","-(000000)90466979",""
"2022/08/1201:07","內用","10
2022081200200013
","","DK09469937","1,408","1,408","128","0","67","=""現金""","-(000000)90466979",""
"2022/08/1201:32","內用","5
2022081117440005
","","","1,672","1,672","152","0","0","=""現金""","-(000000)90466979",""
"2022/08/1201:33","內用","12
2022081201250015
","","","550","300","50","250","0","=""現金""","-(000000)90466979",""
"2022/08/1201:34","內用","11
2022081201150014
","","","275","275","25","0","0","=""信用卡""","-(000000)90466979",""
"2022/08/1201:36","內用","7
2022081118000007
","","","0","0","0","0","0","=""現金""","-(000000)90466979",""
"2022/08/1219:06","內用","11
2022081218010011
","","","1,441","1,441","131","0","0","=""LINE Pay""","-(000000)90466979",""
"2022/08/1219:13","內用","9
2022081217420009
","","","2,860","2,860","260","0","0","=""信用卡""","-(000000)90466979",""
"2022/08/1220:49","內用","12
2022081218230012
","","","2,541","2,541","231","0","0","=""信用卡""","-(000000)90466979",""
"2022/08/1221:23","內用","5
2022081217420005
","","","6,061","6,061","551","0","0","=""現金""","-(000000)90466979",""
"2022/08/1221:35","內用","16
2022081220390016
","","","1,936","1,816","176","120","0","=""funNow、信用卡""","-(000000)90466979",""
"2022/08/1221:50","內用","6
2022081217420006
","","","2,948","2,948","268","0","0","=""信用卡""","-(000000)90466979",""
"2022/08/1222:08","內用","15
2022081220350015
","","","1,200","1,200","0","0","0","=""信用卡""","-(000000)90466979",""
"2022/08/1222:23","內用","13
2022081219280013
","","","3,465","3,465","315","0","0","=""信用卡""","-(000000)90466979",""
"2022/08/1222:33","內用","2
2022081217410002
","","","5,335","5,335","485","0","0","=""信用卡""","-(000000)90466979",""
"2022/08/1222:46","內用","8
2022081217420008
","","","1,980","1,980","180","0","0","=""信用卡""","-(000000)90466979",""
"2022/08/1222:52","內用","17
2022081221120017
","","","715","715","65","0","0","=""信用卡""","-(000000)90466979",""
"2022/08/1223:27","內用","4
2022081217410004
","","","4,180","4,180","380","0","0","=""現金""","-(000000)90466979",""
"2022/08/1223:41","內用","19
2022081221290019
","","","1,661","1,661","151","0","0","=""信用卡""","-(000000)90466979",""
"2022/08/1223:46","內用","3
2022081217410003
","","","5,159","5,159","469","0","0","=""信用卡""","-(000000)90466979",""
"2022/08/1223:50","內用","21
2022081221400021
","","DK09469938","5,456","5,456","496","0","260","=""現金""","-(000000)90466979",""
"2022/08/1300:16","內用","10
2022081217420010
","","","3,850","3,850","350","0","0","=""信用卡""","-(000000)90466979",""
"2022/08/1300:55","內用","25
2022081223080025
","","","2,288","2,288","208","0","0","=""信用卡""","-(000000)90466979",""
"2022/08/1300:56","內用","30
2022081300560030
","","","100","100","0","0","0","=""現金""","-(000000)90466979",""
"2022/08/1301:03","內用","7
2022081217420007
","","","7,876","7,876","716","0","0","=""信用卡""","-(000000)90466979",""
"2022/08/1301:11","內用","24
2022081222400024
","","","1,408","1,408","128","0","0","=""信用卡""","-(000000)90466979",""
"2022/08/1301:23","內用","29
2022081300110029
","","","1,793","1,793","163","0","0","=""信用卡""","-(000000)90466979",""
"2022/08/1301:29","內用","14
2022081219310014
","","","5,027","5,027","457","0","0","=""現金""","-(000000)90466979",""
"2022/08/1301:44","內用","23
2022081222140023
","","","3,487","3,487","317","0","0","=""信用卡""","-(000000)90466979",""
"2022/08/1302:27","內用","31
2022081301180031
","","","902","902","82","0","0","=""信用卡""","-(000000)90466979",""
"2022/08/1302:31","內用","28
2022081223370028
","","","2,563","2,563","233","0","0","=""LINE Pay""","-(000000)90466979",""
"2022/08/1302:32","內用","27
2022081223180027
","","","3,399","3,399","309","0","0","=""現金""","-(000000)90466979",""
"2022/08/1302:33","內用","1
2022081217350001
","","","0","0","0","0","0","=""現金""","-(000000)90466979",""
"2022/08/1319:30","內用","8
2022081317440008
","","","2,695","2,695","245","0","0","=""信用卡""","-(000000)90466979",""
"2022/08/1319:43","內用","12
2022081319430012
","","","125","125","0","0","0","=""現金""","-(000000)90466979",""
"2022/08/1319:46","內用","13
2022081319450013
","","","100","100","0","0","0","=""現金""","-(000000)90466979",""
"2022/08/1321:21","內用","11
2022081319390011
","","","1,529","1,529","139","0","0","=""信用卡""","-(000000)90466979",""
"2022/08/1322:09","內用","2
2022081317440002
","","","3,366","3,366","306","0","0","=""信用卡""","-(000000)90466979",""
"2022/08/1322:26","內用","15
2022081320340015
","","","2,178","2,178","198","0","0","=""信用卡""","-(000000)90466979",""
"2022/08/1323:23","內用","4
2022081317440004
","","","2,497","2,497","227","0","0","=""funNow、信用卡""","-(000000)90466979",""
"2022/08/1323:27","內用","9
2022081317440009
","","","4,774","4,654","434","120","0","=""funNow、信用卡""","-(000000)90466979",""
"2022/08/1323:38","內用","5
2022081317440005
","","","4,070","4,070","370","0","0","=""信用卡""","-(000000)90466979",""
"2022/08/1323:48","內用","16
2022081320440016
","","","1,518","1,518","138","0","0","=""現金""","-(000000)90466979",""
"2022/08/1400:01","內用","6
2022081317440006
","","","4,774","4,774","434","0","0","=""信用卡""","-(000000)90466979",""
"2022/08/1400:20","內用","18
2022081321520018
","","","3,014","3,014","274","0","0","=""信用卡""","-(000000)90466979",""
"2022/08/1400:28","內用","21
2022081323440022
","","","1,716","1,716","156","0","0","=""信用卡""","-(000000)90466979",""
"2022/08/1400:32","內用","23
2022081400310023
","","","100","100","0","0","0","=""現金""","-(000000)90466979",""
"2022/08/1400:34","內用","24
2022081400340024
","","","100","100","0","0","0","=""現金""","-(000000)90466979",""
"2022/08/1400:45","內用","20
2022081322340020
","","","2,860","2,860","260","0","0","=""信用卡""","-(000000)90466979",""
"2022/08/1400:46","內用","22
2022081323350021
","","","418","418","38","0","0","=""LINE Pay""","-(000000)90466979",""
"2022/08/1400:47","內用","1
2022081317430001
","","","7,447","7,447","677","0","0","=""信用卡""","-(000000)90466979",""
"2022/08/1401:04","內用","14
2022081320320014
","","","6,160","6,160","560","0","0","=""現金""","-(000000)90466979",""
"2022/08/1401:06","內用","7
2022081317440007
","","","2,123","2,123","193","0","0","=""信用卡""","-(000000)90466979",""
"2022/08/1401:07","內用","25
2022081400530025
","","","418","418","38","0","0","=""信用卡""","-(000000)90466979",""
"2022/08/1401:12","內用","3
2022081317440003
","","","7,502","7,502","682","0","0","=""信用卡""","-(000000)90466979",""
"2022/08/1401:23","內用","19
2022081322110019
","","","2,805","2,805","255","0","0","=""現金""","-(000000)90466979",""
"2022/08/1402:23","內用","27
2022081401260027
","","","3,718","3,718","338","0","0","=""現金""","-(000000)90466979",""
"2022/08/1402:28","內用","28
2022081401300028
","","","3,872","3,872","352","0","0","=""信用卡""","-(000000)90466979",""
"2022/08/1402:32","內用","17
2022081321050017
","","","5,643","5,643","513","0","0","=""信用卡""","-(000000)90466979",""
"2022/08/1402:33","內用","29
2022081401390029
","","","1,320","1,320","120","0","0","=""信用卡""","-(000000)90466979",""
"2022/08/1402:36","內用","10
2022081318190010
","","","0","0","0","0","0","=""現金""","-(000000)90466979",""
"2022/08/1402:37","內用","26
2022081401010026
","","","2,948","2,948","268","0","0","=""信用卡""","-(000000)90466979",""
"2022/08/1421:04","內用","5
2022081419480005
 作廢2022/08/15 01:46","","","1,540","1,540","0","0","0","=""現金""","-(000000)90466979",""
"2022/08/1421:07","內用","9
2022081421070009
","","","125","125","0","0","0","=""現金""","-(000000)90466979",""
"2022/08/1421:22","內用","3
2022081419310003
","","","2,816","2,816","256","0","0","=""信用卡""","-(000000)90466979",""
"2022/08/1421:39","內用","7
2022081420420007
","","","1,749","1,749","159","0","0","=""信用卡""","-(000000)90466979",""
"2022/08/1422:11","內用","6
2022081419550006
","","","2,937","2,937","267","0","0","=""信用卡""","-(000000)90466979",""
"2022/08/1422:29","內用","2
2022081417470002
","","","2,035","2,035","185","0","0","=""信用卡""","-(000000)90466979",""
"2022/08/1423:56","內用","8
2022081420430008
","","","3,487","3,487","317","0","0","=""現金""","-(000000)90466979",""
"2022/08/1500:08","內用","10
2022081422020010
","","","2,420","2,420","220","0","0","=""現金""","-(000000)90466979",""
"2022/08/1500:19","內用","11
2022081422050011
","","","2,640","2,640","240","0","0","=""信用卡""","-(000000)90466979",""
"2022/08/1501:27","內用","13
2022081501030013
","","","350","350","0","0","0","=""現金""","-(000000)90466979",""
"2022/08/1501:29","內用","4
2022081419380004
","","","4,279","4,279","389","0","0","=""信用卡""","-(000000)90466979",""
"2022/08/1501:33","內用","12
2022081500290012
","","","3,520","3,520","320","0","0","=""信用卡""","-(000000)90466979",""
"2022/08/1501:37","內用","14
2022081501350014
","","","880","880","80","0","0","=""信用卡""","-(000000)90466979",""
"2022/08/1501:39","內用","1
2022081417470001
","","","0","0","0","0","0","=""現金""","-(000000)90466979",""
"2022/08/1501:47","內用","15
2022081501460015
","","","1,540","1,540","0","0","0","=""信用卡""","-(000000)90466979",""
"2022/08/1518:30","內用","5
2022081518290005
","","","100","100","0","0","0","=""現金""","-(000000)90466979",""
"2022/08/1519:58","內用","8
2022081519580008
","","","100","100","0","0","0","=""現金""","-(000000)90466979",""
"2022/08/1519:59","內用","6
2022081519290006
","","","352","352","32","0","0","=""現金""","-(000000)90466979",""
"2022/08/1521:44","內用","7
2022081519330007
","","","2,398","2,398","218","0","0","=""信用卡""","-(000000)90466979",""
"2022/08/1522:35","內用","4
2022081518050004
","","","3,597","3,347","327","250","0","=""信用卡""","-(000000)90466979",""
"2022/08/1522:38","內用","10
2022081521480010
","","","858","858","78","0","0","=""現金""","-(000000)90466979",""
"2022/08/1600:19","內用","2
2022081517370002
","","","3,707","3,707","337","0","0","=""信用卡""","-(000000)90466979",""
"2022/08/1601:26","內用","11
2022081600220011
","","","440","440","40","0","0","=""現金""","-(000000)90466979",""
"2022/08/1601:32","內用","9
2022081521390009
","","","4,147","4,147","377","0","0","=""信用卡""","-(000000)90466979",""
"2022/08/1601:38","內用","12
2022081600520012
","","","473","473","43","0","0","=""現金""","-(000000)90466979",""
"2022/08/1601:38","內用","13
2022081601210013
","","","1,210","1,210","110","0","0","=""現金""","-(000000)90466979",""
"2022/08/1601:40","內用","3
2022081517370003
","","","5,929","5,679","539","250","0","=""信用卡""","-(000000)90466979",""
"2022/08/1601:41","內用","1
2022081502070001
","","","0","0","0","0","0","=""現金""","-(000000)90466979",""
"2022/08/1601:49","內用","14
2022081601460014
","","","0","0","0","0","0","=""現金""","-(000000)90466979",""
"2022/08/1619:57","內用","6
2022081619570006
","","","100","100","0","0","0","=""現金""","-(000000)90466979",""
"2022/08/1620:53","內用","7
2022081620530007
","","","125","125","0","0","0","=""現金""","-(000000)90466979",""
"2022/08/1621:11","內用","5
2022081619360005
","","","3,146","3,146","286","0","0","=""信用卡""","-(000000)90466979",""
"2022/08/1621:16","內用","8
2022081621150008
","","","100","100","0","0","0","=""現金""","-(000000)90466979",""
"2022/08/1621:19","內用","9
2022081621190009
","","","100","100","0","0","0","=""現金""","-(000000)90466979",""
"2022/08/1622:59","內用","10
2022081621310010
","","","1,342","1,342","122","0","0","=""現金""","-(000000)90466979",""
"2022/08/1623:55","內用","3
2022081619150003
","","","2,288","2,288","208","0","0","=""信用卡""","-(000000)90466979",""
"2022/08/1700:24","內用","11
2022081622420011
","","","924","924","84","0","0","=""信用卡""","-(000000)90466979",""
"2022/08/1700:52","內用","4
2022081619360004
","","","1,870","1,870","170","0","0","=""現金""","-(000000)90466979",""
"2022/08/1701:25","內用","12
2022081623000012
","","","1,232","1,232","112","0","0","=""信用卡""","-(000000)90466979",""
"2022/08/1701:31","內用","13
2022081700580013
","","","1,463","1,463","133","0","0","=""信用卡""","-(000000)90466979",""
"2022/08/1701:31","內用","1
2022081617430001
","","","0","0","0","0","0","=""現金""","-(000000)90466979",""
"2022/08/1719:42","內用","6
2022081718400006
","","","968","968","88","0","0","=""信用卡""","-(000000)90466979",""
"2022/08/1721:00","內用","2
2022081717390002
","","","770","770","70","0","0","=""現金""","-(000000)90466979",""
"2022/08/1722:34","內用","7
2022081720300007
","","","1,265","1,265","115","0","0","=""信用卡""","-(000000)90466979",""
"2022/08/1722:49","內用","8
2022081721460008
","","","2,101","2,101","191","0","0","=""信用卡""","-(000000)90466979",""
"2022/08/1723:22","內用","4
2022081718190004
","","","7,095","7,095","645","0","0","=""現金""","-(000000)90466979",""
"2022/08/1723:23","內用","5
2022081718190005
","","","7,502","7,502","682","0","0","=""現金""","-(000000)90466979",""
"2022/08/1723:42","內用","11
2022081722530011
","","","1,716","1,716","156","0","0","=""信用卡""","-(000000)90466979",""
"2022/08/1800:09","內用","10
2022081722520010
","","","320","224","0","96","0","=""信用卡""","-(000000)90466979",""
"2022/08/1801:07","內用","3
2022081717400003
","","","3,344","3,344","304","0","0","=""信用卡""","-(000000)90466979",""
"2022/08/1801:30","內用","9
2022081721480009
","","","9,141","9,141","831","0","0","=""信用卡""","-(000000)90466979",""
"2022/08/1801:33","內用","3-1
2022081800080012
","","","2,442","2,442","222","0","0","=""信用卡""","-(000000)90466979",""
"2022/08/1801:36","內用","12
2022081800470013
","","","1,265","1,265","115","0","0","=""信用卡""","-(000000)90466979",""
"2022/08/1801:36","內用","1
2022081717310001
","","","0","0","0","0","0","=""現金""","-(000000)90466979",""
"2022/08/1802:04","內用","1
2022081802030001
","","","220","220","20","0","0","=""信用卡""","-(000000)90466979",""
"2022/08/1817:42","內用","5
2022081817420005
","","","100","100","0","0","0","=""現金""","-(000000)90466979",""
"2022/08/1817:45","內用","6
2022081817450006
","","","100","100","0","0","0","=""現金""","-(000000)90466979",""
"2022/08/1817:48","內用","7
2022081817480007
","","","125","125","0","0","0","=""現金""","-(000000)90466979",""
"2022/08/1820:32","內用","4
2022081817250004
","","","1,826","1,826","166","0","0","=""信用卡""","-(000000)90466979",""
"2022/08/1822:27","內用","3
2022081817250003
","","","2,035","1,785","185","250","0","=""信用卡""","-(000000)90466979",""
"2022/08/1823:03","內用","10
2022081821230010
 作廢2022/08/19 00:13","","","2,167","2,047","197","120","0","=""funNow、現金""","-(000000)90466979",""
"2022/08/1823:15","內用","9
2022081820150009
","","","1,738","1,738","158","0","0","=""LINE Pay""","-(000000)90466979",""
"2022/08/1823:49","內用","8
2022081819260008
","","","1,782","1,782","162","0","0","=""信用卡""","-(000000)90466979",""
"2022/08/1900:14","內用","12
2022081900130012
","","","2,167","2,047","197","120","0","=""funNow、信用卡""","-(000000)90466979",""
"2022/08/1900:37","內用","2
2022081802130002
","","","0","0","0","0","0","=""現金""","-(000000)90466979",""
"2022/08/1917:50","內用","12
2022081917500012
","","","125","125","0","0","0","=""現金""","-(000000)90466979",""
"2022/08/1918:56","內用","14
2022081918560014
","","","100","100","0","0","0","=""現金""","-(000000)90466979",""
"2022/08/1920:24","內用","5
2022081917490005
","","","4,345","4,345","395","0","0","=""信用卡""","-(000000)90466979",""
"2022/08/1921:19","內用","3
2022081917480003
","","","15,224","15,224","1,384","0","0","=""信用卡""","-(000000)90466979",""
"2022/08/1921:30","內用","6
2022081917490006
","","","1,408","1,408","128","0","0","=""信用卡""","-(000000)90466979",""
"2022/08/1921:32","內用","4
2022081917480004
","","","2,585","2,585","235","0","0","=""信用卡""","-(000000)90466979",""
"2022/08/1921:36","內用","16
2022081920060016
","","","1,804","1,804","164","0","0","=""funNow、信用卡""","-(000000)90466979",""
"2022/08/1921:45","內用","8
2022081917490008
","","","1,694","1,694","154","0","0","=""信用卡""","-(000000)90466979",""
"2022/08/1921:46","內用","2
2022081917480002
","","DK09469939","9,999","9,999","909","0","476","=""信用卡""","-(000000)90466979",""
"2022/08/1921:53","內用","17
2022081920290017
","","","836","836","76","0","0","=""信用卡""","-(000000)90466979",""
"2022/08/1922:15","內用","15
2022081919230015
","","","2,596","2,596","236","0","0","=""信用卡""","-(000000)90466979",""
"2022/08/1922:25","內用","9
2022081917490009
","","","2,277","2,277","207","0","0","=""信用卡""","-(000000)90466979",""
"2022/08/1923:07","內用","7
2022081917490007
","","","1,936","1,936","176","0","0","=""現金""","-(000000)90466979",""
"2022/08/1923:30","內用","11
2022081917500011
","","","5,423","5,423","493","0","0","=""信用卡""","-(000000)90466979",""
"2022/08/1923:52","內用","22
2022081922180022
","","","2,002","2,002","182","0","0","=""信用卡""","-(000000)90466979",""
"2022/08/2000:14","內用","26
2022081923020026
","","","737","737","67","0","0","=""信用卡""","-(000000)90466979",""
"2022/08/2000:16","內用","24
2022081922530024
","","","1,144","1,144","104","0","0","=""現金""","-(000000)90466979",""
"2022/08/2000:26","內用","19
2022081921410019
","","","2,420","2,420","220","0","0","=""信用卡""","-(000000)90466979",""
"2022/08/2000:27","內用","25
2022081922550025
","","","1,232","1,232","112","0","0","=""信用卡""","-(000000)90466979",""
"2022/08/2000:29","內用","18
2022081921400018
","","DK09469940","2,706","2,706","246","0","129","=""信用卡""","-(000000)90466979",""
"2022/08/2000:33","內用","27
2022081923030027
","","","1,738","1,738","158","0","0","=""信用卡""","-(000000)90466979",""
"2022/08/2000:38","內用","23
2022081922450023
","","","2,167","2,167","197","0","0","=""信用卡""","-(000000)90466979",""
"2022/08/2000:57","內用","20
2022081921580020
","","","3,377","3,377","307","0","0","=""信用卡""","-(000000)90466979",""
"2022/08/2001:34","內用","28
2022081923100028
","","","1,400","980","0","420","0","=""信用卡""","-(000000)90466979",""
"2022/08/2002:19","內用","31
2022082001010031
","","DK09469941","2,860","2,860","260","0","136","=""信用卡""","-(000000)90466979",""
"2022/08/2002:31","內用","29
2022082000010029
","","","900","630","0","270","0","=""現金""","-(000000)90466979",""
"2022/08/2002:34","內用","32
2022082001300032
 作廢2022/08/20 03:20","","","1,243","1,243","113","0","0","=""信用卡""","-(000000)90466979",""
"2022/08/2002:40","內用","30
2022082001010030
","","","6,457","6,457","587","0","0","=""信用卡""","-(000000)90466979",""
"2022/08/2002:48","內用","13
2022081917510013
","","","0","0","0","0","0","=""現金""","-(000000)90466979",""
"2022/08/2002:57","內用","33
2022082002530033
","","","350","245","0","105","0","=""信用卡""","-(000000)90466979",""
"2022/08/2003:06","內用","10
2022081917500010
","","","35,442","35,442","3,222","0","0","=""信用卡、現金""","-(000000)90466979",""
"2022/08/2003:08","內用","34
2022082003070034
","","","0","0","0","0","0","=""現金""","-(000000)90466979",""
"2022/08/2003:20","內用","35
2022082003200035
","","","1,243","1,243","113","0","0","=""信用卡""","-(000000)90466979",""
"2022/08/2003:34","內用","1
2022082003270001
","","","704","704","64","0","0","=""信用卡""","-(000000)90466979",""
"2022/08/2003:56","內用","2
2022082003550002
","","","125","125","0","0","0","=""現金""","-(000000)90466979",""
"2022/08/2005:37","內用","3
2022082004430003
","","","2,030","1,230","0","800","0","=""信用卡""","-(000000)90466979",""
"2022/08/2005:39","內用","4
2022082005030004
","","","320","320","0","0","0","=""信用卡""","-(000000)90466979",""
"2022/08/2017:20","內用","7
2022082017190007
","","","125","125","0","0","0","=""現金""","-(000000)90466979",""
"2022/08/2021:24","內用","16
2022082018070016
","","","3,531","3,531","321","0","0","=""信用卡""","-(000000)90466979",""
"2022/08/2021:48","內用","14
2022082017370014
","","","2,772","2,772","252","0","0","=""信用卡""","-(000000)90466979",""
"2022/08/2022:13","內用","11
2022082017360011
","","","1,430","1,430","130","0","0","=""現金""","-(000000)90466979",""
"2022/08/2022:25","內用","22
2022082021430022
","","","902","902","82","0","0","=""信用卡""","-(000000)90466979",""
"2022/08/2022:28","內用","13
2022082017370013
","","","2,717","2,717","247","0","0","=""信用卡""","-(000000)90466979",""
"2022/08/2022:51","內用","17
2022082020250017
","","","1,980","1,980","180","0","0","=""現金""","-(000000)90466979",""
"2022/08/2023:07","內用","12
2022082017360012
","","DK09469942","1,947","1,947","177","0","93","=""信用卡""","-(000000)90466979",""
"2022/08/2023:08","內用","9
2022082017360009
","","","6,215","6,215","565","0","0","=""信用卡""","-(000000)90466979",""
"2022/08/2023:33","內用","23
2022082021470023
","","","2,167","2,167","197","0","0","=""信用卡""","-(000000)90466979",""
"2022/08/2023:43","內用","30
2022082023430030
","","","125","125","0","0","0","=""現金""","-(000000)90466979",""
"2022/08/2100:09","內用","10
2022082017360010
","","","3,861","3,861","351","0","0","=""信用卡""","-(000000)90466979",""
"2022/08/2100:11","內用","21
2022082021150021
","","","4,774","4,774","434","0","0","=""信用卡""","-(000000)90466979",""
"2022/08/2100:24","內用","8
2022082017360008
","","","8,030","8,030","730","0","0","=""信用卡""","-(000000)90466979",""
"2022/08/2100:28","內用","31
2022082023510031
","","","880","880","80","0","0","=""信用卡""","-(000000)90466979",""
"2022/08/2101:29","內用","25
2022082022300025
","","","3,300","3,300","300","0","0","=""信用卡""","-(000000)90466979",""
"2022/08/2101:35","內用","28
2022082023090028
","","","3,333","3,333","303","0","0","=""信用卡""","-(000000)90466979",""
"2022/08/2101:43","內用","24
2022082022050024
","","","2,805","2,805","255","0","0","=""信用卡""","-(000000)90466979",""
"2022/08/2102:09","內用","29
2022082023220029
","","","9,383","9,383","853","0","0","=""信用卡""","-(000000)90466979",""
"2022/08/2102:23","內用","5
2022082005580005
","","","0","0","0","0","0","=""現金""","-(000000)90466979",""
"2022/08/2120:21","內用","3
2022082117370003
","","DK09469943","3,531","3,531","321","0","168","=""信用卡""","-(000000)90466979",""
"2022/08/2120:27","內用","1
2022082117370001
","","","4,642","4,642","422","0","0","=""信用卡""","-(000000)90466979",""
"2022/08/2122:22","內用","6
2022082120320006
","","","2,178","2,178","198","0","0","=""現金""","-(000000)90466979",""
"2022/08/2122:39","內用","9
2022082121020009
","","","2,706","2,706","246","0","0","=""現金""","-(000000)90466979",""
"2022/08/2123:13","內用","11
2022082123020011
","","","440","440","40","0","0","=""信用卡""","-(000000)90466979",""
"2022/08/2123:53","內用","8
2022082120470008
","","","7,612","6,862","692","750","0","=""信用卡""","-(000000)90466979",""
"2022/08/2200:53","內用","7
2022082120350007
","","","2,376","2,376","216","0","0","=""信用卡""","-(000000)90466979",""
"2022/08/2201:23","內用","5
2022082119470005
","","","770","770","70","0","0","=""現金""","-(000000)90466979",""
"2022/08/2201:34","內用","10
2022082122200010
 作廢2022/08/22 01:43","","","2,838","2,838","258","0","0","=""信用卡""","-(000000)90466979",""
"2022/08/2201:44","內用","12
2022082201020012
","","","780","780","0","0","0","=""現金""","-(000000)90466979",""
"2022/08/2201:46","內用","15
2022082201460015
","","","2,838","2,838","258","0","0","=""現金""","-(000000)90466979",""
"2022/08/2201:47","內用","4
2022082118020004
","","","0","0","0","0","0","=""現金""","-(000000)90466979",""
"2022/08/2218:01","內用","5
2022082218010005
","","","100","100","0","0","0","=""現金""","-(000000)90466979",""
"2022/08/2220:08","內用","8
2022082219380008
","","","385","385","35","0","0","=""現金""","-(000000)90466979",""
"2022/08/2221:12","內用","3
2022082217510003
","","DK09469944","5,445","5,445","495","0","259","=""信用卡""","-(000000)90466979",""
"2022/08/2221:31","內用","9
2022082221310009
","","","100","100","0","0","0","=""現金""","-(000000)90466979",""
"2022/08/2300:11","內用","7
2022082218550007
","","","9,119","9,119","829","0","0","=""信用卡""","-(000000)90466979",""
"2022/08/2300:12","內用","4
2022082217520004
","","","22,814","22,814","2,074","0","0","=""信用卡""","-(000000)90466979",""
"2022/08/2300:34","內用","10
2022082222050010
","","","2,739","2,739","249","0","0","=""現金""","-(000000)90466979",""
"2022/08/2301:42","內用","14
2022082300320014
","","","1,122","1,122","102","0","0","=""現金""","-(000000)90466979",""
"2022/08/2301:44","內用","1
2022082217510001
","","","7,900","7,650","0","250","0","=""信用卡""","-(000000)90466979",""
"2022/08/2301:54","內用","2
2022082217510002
","","","3,201","3,201","291","0","0","=""信用卡""","-(000000)90466979",""
"2022/08/2301:59","內用","6
2022082218340006
","","","0","0","0","0","0","=""現金""","-(000000)90466979",""
"2022/08/2301:59","內用","15
2022082301550015
","","","125","125","0","0","0","=""現金""","-(000000)90466979",""
"2022/08/2302:18","內用","1
2022082302170001
","","","4,950","4,950","450","0","0","=""信用卡""","-(000000)90466979",""
"2022/08/2302:39","內用","2
2022082302380002
","","","385","385","35","0","0","=""信用卡""","-(000000)90466979",""
"2022/08/2320:37","內用","6
2022082320370006
","","","100","100","0","0","0","=""現金""","-(000000)90466979",""
"2022/08/2322:05","內用","7
2022082321300007
","","","260","260","0","0","0","=""現金""","-(000000)90466979",""
"2022/08/2400:03","內用","9
2022082400010009
","","","300","300","0","0","0","=""現金""","-(000000)90466979",""
"2022/08/2400:44","內用","5
2022082319010005
","","","2,134","2,134","194","0","0","=""信用卡""","-(000000)90466979",""
"2022/08/2400:48","內用","3
2022082317250003
","","","3,575","3,575","325","0","0","=""現金""","-(000000)90466979",""
"2022/08/2401:13","內用","8
2022082322470008
","","","4,224","4,224","384","0","0","=""信用卡""","-(000000)90466979",""
"2022/08/2401:16","內用","10
2022082400040010
","","","3,839","3,839","349","0","0","=""信用卡""","-(000000)90466979",""
"2022/08/2401:41","內用","4
2022082318450004
","","","0","0","0","0","0","=""現金""","-(000000)90466979",""
"2022/08/2420:37","內用","2
2022082417330002
","","","3,641","3,641","331","0","0","=""信用卡""","-(000000)90466979",""
"2022/08/2421:04","內用","4
2022082417330004
","","","3,861","3,861","351","0","0","=""LINE Pay""","-(000000)90466979",""
"2022/08/2422:54","內用","11
2022082419540011
","","","2,442","2,442","222","0","0","=""信用卡""","-(000000)90466979",""
"2022/08/2423:09","內用","6
2022082417330006
","","DK09469945","5,269","5,269","479","0","251","=""信用卡""","-(000000)90466979",""
"2022/08/2423:17","內用","13
2022082422120013
","","","1,410","1,210","110","200","0","=""信用卡""","-(000000)90466979",""
"2022/08/2423:31","內用","10
2022082419170010
","","","1,815","1,815","165","0","0","=""信用卡""","-(000000)90466979",""
"2022/08/2423:40","內用","12
2022082419550012
","","","1,265","1,015","115","250","0","=""信用卡""","-(000000)90466979",""
"2022/08/2423:42","內用","9
2022082419170009
","","","1,782","1,782","162","0","0","=""信用卡""","-(000000)90466979",""
"2022/08/2500:02","內用","3
2022082417330003
","","","825","575","75","250","0","=""現金""","-(000000)90466979",""
"2022/08/2500:09","內用","1-1
2022082500060015
","","DK09469946","2,992","2,992","272","0","142","=""信用卡""","-(000000)90466979",""
"2022/08/2500:13","內用","1
2022082417330001
","","","8,019","8,019","729","0","0","=""信用卡""","-(000000)90466979",""
"2022/08/2500:27","內用","5
2022082417330005
","","","10,054","10,054","914","0","0","=""信用卡""","-(000000)90466979",""
"2022/08/2501:32","內用","14
2022082423410014
","","","11,088","11,088","1,008","0","0","=""信用卡""","-(000000)90466979",""
"2022/08/2501:37","內用","7
2022082417530007
","","","0","0","0","0","0","=""現金""","-(000000)90466979",""
"2022/08/2501:37","內用","8
2022082418170008
","","","540","300","0","240","0","=""現金""","-(000000)90466979",""
"2022/08/2521:15","內用","4
2022082519560004
","","","1,056","1,056","96","0","0","=""信用卡""","-(000000)90466979",""
"2022/08/2521:47","內用","1
2022082517460001
","","","3,223","3,223","293","0","0","=""LINE Pay""","-(000000)90466979",""
"2022/08/2522:22","內用","3
2022082518340003
","","DK09469947","4,015","4,015","365","0","191","=""現金""","-(000000)90466979",""
"2022/08/2523:29","內用","8
2022082523200008
","","","660","341","60","319","0","=""信用卡""","-(000000)90466979",""
"2022/08/2600:13","內用","9
2022082600130009
","","","100","100","0","0","0","=""現金""","-(000000)90466979",""
"2022/08/2601:04","內用","7
2022082523080007
","","","2,948","2,948","268","0","0","=""信用卡""","-(000000)90466979",""
"2022/08/2601:27","內用","10
2022082600430010
","","","352","352","32","0","0","=""信用卡""","-(000000)90466979",""
"2022/08/2601:28","內用","11
2022082600560011
","","","418","418","38","0","0","=""信用卡""","-(000000)90466979",""
"2022/08/2601:29","內用","6
2022082522140006
","","","2,486","2,486","226","0","0","=""信用卡""","-(000000)90466979",""
"2022/08/2601:30","內用","2
2022082517570002
","","","0","0","0","0","0","=""現金""","-(000000)90466979",""
"2022/08/2602:21","內用","1
2022082602000001
","","","495","495","45","0","0","=""現金""","-(000000)90466979",""
"2022/08/2616:21","內用","2
2022082616210002
","","","100","100","0","0","0","=""現金""","-(000000)90466979",""
"2022/08/2620:18","內用","4
2022082617340004
","","","1,100","1,100","100","0","0","=""信用卡""","-(000000)90466979",""
"2022/08/2621:10","內用","20
2022082621100020
","","","125","125","0","0","0","=""現金""","-(000000)90466979",""
"2022/08/2621:43","內用","10
2022082617340010
","","","2,090","2,090","190","0","0","=""現金""","-(000000)90466979",""
"2022/08/2621:47","內用","8
2022082617340008
","","","2,024","2,024","184","0","0","=""信用卡""","-(000000)90466979",""
"2022/08/2621:52","內用","5
2022082617340005
","","","8,107","8,107","737","0","0","=""信用卡""","-(000000)90466979",""
"2022/08/2621:58","內用","11
2022082617340011
","","DK09469948","2,299","2,299","209","0","109","=""現金""","-(000000)90466979",""
"2022/08/2622:01","內用","3
2022082617340003
","","","6,930","6,930","630","0","0","=""信用卡""","-(000000)90466979",""
"2022/08/2622:27","內用","12
2022082617340012
","","","5,544","5,544","504","0","0","=""信用卡""","-(000000)90466979",""
"2022/08/2623:16","內用","6
2022082617340006
","","","1,606","1,606","146","0","0","=""信用卡""","-(000000)90466979",""
"2022/08/2623:21","內用","7
2022082617340007
","","","418","304","38","114","0","=""信用卡""","-(000000)90466979",""
"2022/08/2623:50","內用","15
2022082618060015
","","","15,675","15,675","1,425","0","0","=""信用卡""","-(000000)90466979",""
"2022/08/2623:55","內用","27
2022082623030028
","","DK09469949","1,650","1,650","150","0","79","=""信用卡""","-(000000)90466979",""
"2022/08/2700:10","內用","21
2022082621340021
","","","7,623","7,623","693","0","0","=""信用卡""","-(000000)90466979",""
"2022/08/2700:23","內用","23
2022082622020023
 作廢2022/08/27 02:52","","","9,702","9,702","882","0","0","=""信用卡""","-(000000)90466979",""
"2022/08/2700:33","內用","24
2022082622130024
","","","5,390","5,390","490","0","0","=""信用卡""","-(000000)90466979",""
"2022/08/2701:00","內用","28
2022082623510029
","","","1,628","1,628","148","0","0","=""信用卡""","-(000000)90466979",""
"2022/08/2701:04","內用","22
2022082621520022
","","","3,014","3,014","274","0","0","=""信用卡""","-(000000)90466979",""
"2022/08/2701:09","內用","9
2022082617340009
","","","5,192","5,192","472","0","0","=""信用卡""","-(000000)90466979",""
"2022/08/2701:32","內用","14
2022082617350014
","","","5,016","5,016","456","0","0","=""信用卡""","-(000000)90466979",""
"2022/08/2701:40","內用","14-1
2022082622360027
","","","5,258","5,258","478","0","0","=""信用卡""","-(000000)90466979",""
"2022/08/2701:54","內用","26
2022082622220026
","","","2,794","2,794","254","0","0","=""信用卡""","-(000000)90466979",""
"2022/08/2701:55","內用","29
2022082623520030
","","","737","737","67","0","0","=""現金""","-(000000)90466979",""
"2022/08/2702:28","內用","31
2022082702220032
","","","385","385","35","0","0","=""信用卡""","-(000000)90466979",""
"2022/08/2702:31","內用","18
2022082620590018
","","","5,412","5,412","492","0","0","=""信用卡""","-(000000)90466979",""
"2022/08/2702:33","內用","17
2022082618270017
","","","0","0","0","0","0","=""現金""","-(000000)90466979",""
"2022/08/2702:34","內用","32
2022082702330033
","","","0","0","0","0","0","=""現金""","-(000000)90466979",""
"2022/08/2702:53","內用","33
2022082702530034
 作廢2022/08/27 03:08","","","9,702","9,702","882","0","0","=""信用卡""","-(000000)90466979",""
"2022/08/2703:08","內用","36
2022082703080037
","","","9,702","9,702","882","0","0","=""現金""","-(000000)90466979",""
"2022/08/2703:39","內用","1
2022082703380001
","","","902","902","82","0","0","=""信用卡""","-(000000)90466979",""
"2022/08/2703:40","內用","2
2022082703390002
","","","1,280","1,280","0","0","0","=""信用卡""","-(000000)90466979",""
"2022/08/2720:21","內用","11
2022082718160011
","","","4,720","4,500","0","220","0","=""信用卡""","-(000000)90466979",""
"2022/08/2720:34","內用","9
2022082717410009
","","","2,552","2,552","232","0","0","=""信用卡""","-(000000)90466979",""
"2022/08/2720:50","內用","10
2022082717540010
","","","6,446","6,446","586","0","0","=""現金""","-(000000)90466979",""
"2022/08/2722:13","內用","5
2022082717390005
","","","6,193","6,193","563","0","0","=""信用卡""","-(000000)90466979",""
"2022/08/2722:40","內用","19
2022082722400019
","","","100","100","0","0","0","=""現金""","-(000000)90466979",""
"2022/08/2723:11","內用","13
2022082720130013
","","","4,543","4,543","413","0","0","=""信用卡""","-(000000)90466979",""
"2022/08/2723:34","內用","16
2022082722090016
","","","2,013","2,013","183","0","0","=""信用卡""","-(000000)90466979",""
"2022/08/2723:57","內用","20
2022082722490020
 作廢2022/08/28 02:28","","","2,178","2,178","198","0","0","=""信用卡""","-(000000)90466979",""
"2022/08/2800:10","內用","17
2022082722100017
","","","4,037","4,037","367","0","0","=""現金""","-(000000)90466979",""
"2022/08/2800:12","內用","4
2022082717390004
","","","8,404","8,404","764","0","0","=""信用卡""","-(000000)90466979",""
"2022/08/2800:26","內用","18
2022082722160018
","","","3,036","3,036","276","0","0","=""信用卡""","-(000000)90466979",""
"2022/08/2800:30","內用","15
2022082721110015
","","","1,914","1,914","174","0","0","=""信用卡""","-(000000)90466979",""
"2022/08/2800:57","內用","21
2022082723130021
","","","1,276","1,276","116","0","0","=""信用卡""","-(000000)90466979",""
"2022/08/2801:01","內用","8
2022082717400008
","","","2,772","2,772","252","0","0","=""信用卡""","-(000000)90466979",""
"2022/08/2801:11","內用","24
2022082800340024
","","","770","770","70","0","0","=""現金""","-(000000)90466979",""
"2022/08/2801:14","內用","25
2022082801130025
","","","125","125","0","0","0","=""現金""","-(000000)90466979",""
"2022/08/2801:34","內用","7
2022082717400007
","","","3,003","3,003","273","0","0","=""信用卡""","-(000000)90466979",""
"2022/08/2801:45","內用","23
2022082800280023
","","","2,992","2,992","272","0","0","=""信用卡""","-(000000)90466979",""
"2022/08/2802:15","內用","27-1
2022082802150028
","","","440","440","40","0","0","=""現金""","-(000000)90466979",""
"2022/08/2802:16","內用","27-2
2022082802160029
","","","110","110","10","0","0","=""現金""","-(000000)90466979",""
"2022/08/2802:16","內用","27
2022082801560027
","","","440","440","40","0","0","=""現金""","-(000000)90466979",""
"2022/08/2802:19","內用","3
2022082717240003
","","","0","0","0","0","0","=""現金""","-(000000)90466979",""
"2022/08/2802:22","內用","26
2022082801240026
","","","880","880","80","0","0","=""現金""","-(000000)90466979",""
"2022/08/2802:30","內用","29
2022082802290031
","","","2,178","2,178","198","0","0","=""信用卡""","-(000000)90466979",""
"2022/08/2821:29","內用","5
2022082819350005
","","","1,320","1,320","120","0","0","=""信用卡""","-(000000)90466979",""
"2022/08/2821:34","內用","9
2022082821340009
 作廢2022/08/28 21:36","","","100","100","0","0","0","=""現金""","-(000000)90466979",""
"2022/08/2821:37","內用","10
2022082821360010
","","","125","125","0","0","0","=""現金""","-(000000)90466979",""
"2022/08/2822:38","內用","4
2022082819180004
","","","2,222","2,002","202","220","0","=""信用卡""","-(000000)90466979",""
"2022/08/2822:46","內用","8
2022082821330008
","","","1,210","1,210","110","0","0","=""信用卡""","-(000000)90466979",""
"2022/08/2823:53","內用","7
2022082821080007
","","","2,618","2,618","238","0","0","=""信用卡""","-(000000)90466979",""
"2022/08/2823:54","內用","12
2022082822200012
","","","1,309","1,309","119","0","0","=""信用卡""","-(000000)90466979",""
"2022/08/2823:56","內用","2
2022082817360002
","","","4,103","4,103","373","0","0","=""信用卡""","-(000000)90466979",""
"2022/08/2900:10","內用","13
2022082822490013
","","","825","825","75","0","0","=""信用卡""","-(000000)90466979",""
"2022/08/2900:17","內用","11
2022082821470011
","","","1,551","1,551","141","0","0","=""信用卡""","-(000000)90466979",""
"2022/08/2900:37","內用","3
2022082817360003
","","","6,281","6,281","571","0","0","=""信用卡""","-(000000)90466979",""
"2022/08/2901:24","內用","14
2022082900570014
","","","473","473","43","0","0","=""現金""","-(000000)90466979",""
"2022/08/2901:26","內用","6
2022082819520006
","","","4,114","4,114","374","0","0","=""信用卡""","-(000000)90466979",""
"2022/08/2901:28","內用","1
2022082816490001
","","","0","0","0","0","0","=""現金""","-(000000)90466979",""
"2022/08/2917:23","內用","2
2022082917230002
","","","125","125","0","0","0","=""現金""","-(000000)90466979",""
"2022/08/2920:39","內用","6
2022082919310006
","","","418","418","38","0","0","=""信用卡""","-(000000)90466979",""
"2022/08/2922:05","內用","7
2022082919570007
","","","1,430","1,430","130","0","0","=""現金""","-(000000)90466979",""
"2022/08/2923:24","內用","10-1
2022082923180011
","","","1,727","1,727","157","0","0","=""信用卡""","-(000000)90466979",""
"2022/08/2923:26","內用","10
2022082921560010
","","","4,642","4,642","422","0","0","=""信用卡""","-(000000)90466979",""
"2022/08/2923:27","內用","8
2022082920520008
","","","2,398","1,898","218","500","0","=""信用卡""","-(000000)90466979",""
"2022/08/2923:32","內用","3
2022082917340003
","","","4,994","4,994","454","0","0","=""信用卡""","-(000000)90466979",""
"2022/08/3000:17","內用","11
2022082923420012
","","","1,364","1,364","124","0","0","=""信用卡""","-(000000)90466979",""
"2022/08/3001:06","內用","12
2022083000140013
","","","748","748","68","0","0","=""信用卡""","-(000000)90466979",""
"2022/08/3001:43","內用","9
2022082921510009
","","","2,992","2,742","272","250","0","=""現金""","-(000000)90466979",""
"2022/08/3001:43","內用","5
2022082917390005
","","","1,859","1,859","169","0","0","=""信用卡""","-(000000)90466979",""
"2022/08/3001:45","內用","13
2022083001270014
 作廢2022/08/30 01:52","","","850","850","0","0","0","=""信用卡""","-(000000)90466979",""
"2022/08/3001:46","內用","1
2022082902000001
","","","0","0","0","0","0","=""現金""","-(000000)90466979",""
"2022/08/3001:52","內用","14
2022083001520015
","","","850","850","0","0","0","=""現金""","-(000000)90466979",""
"2022/08/3001:54","內用","4
2022082917340004
","","","6,380","6,380","580","0","0","=""信用卡""","-(000000)90466979",""
"2022/08/3001:55","內用","15
2022083001550016
","","","0","0","0","0","0","=""現金""","-(000000)90466979",""
"2022/08/3023:52","內用","3
2022083021470003
","","","1,080","756","0","324","0","=""信用卡""","-(000000)90466979",""
"2022/08/3101:32","內用","6
2022083101160006
","","","2,200","2,200","200","0","0","=""信用卡""","-(000000)90466979",""
"2022/08/3101:39","內用","4
2022083023160004
","","","1,716","1,716","156","0","0","=""LINE Pay""","-(000000)90466979",""
"2022/08/3101:41","內用","5
2022083100280005
","","","2,629","2,629","239","0","0","=""信用卡""","-(000000)90466979",""
"2022/08/3101:41","內用","1
2022083002180001
","","","0","0","0","0","0","=""現金""","-(000000)90466979",""
"2022/08/3122:52","內用","5
2022083118130005
","","DK09469950","3,322","3,322","302","0","158","=""信用卡""","-(000000)90466979",""
"2022/08/3123:42","內用","9
2022083123410009
","","DK09469951","6,600","5,940","600","660","283","=""信用卡""","-(000000)90466979",""
"2022/09/0100:00","內用","2
2022083117360002
 作廢2022/09/01 00:01","","","3,971","3,871","361","100","0","=""信用卡""","-(000000)90466979",""
"2022/09/0100:02","內用","3
2022083117360003
","","FM32358101","8,921","8,921","811","0","425","=""信用卡""","-(000000)90466979",""
"2022/09/0100:02","內用","10
2022090100010010
","","FM32358100","3,971","3,971","361","0","189","=""信用卡""","-(000000)90466979",""
"2022/09/0100:19","內用","6
2022083121490006
","","","4,499","4,499","409","0","0","=""信用卡""","-(000000)90466979",""
"2022/09/0100:43","內用","8
2022083123250008
","","","858","858","78","0","0","=""現金""","-(000000)90466979",""
"2022/09/0100:52","內用","7
2022083121500007
","","","418","418","38","0","0","=""信用卡""","-(000000)90466979",""
"2022/09/0101:37","內用","4
2022083117430004
","","","29,425","28,925","2,675","500","0","=""信用卡""","-(000000)90466979",""
"2022/09/0101:40","內用","1
2022083117170001
","","","0","0","0","0","0","=""現金""","-(000000)90466979",""
"合計","","","","","$1,388,204","$1,368,312","$122,514","$19,892","$4,063","","",""